# Host: localhost  (Version 5.5.5-10.3.16-MariaDB)
# Date: 2019-10-13 21:47:48
# Generator: MySQL-Front 6.0  (Build 2.20)


#
# Structure for table "category"
#

DROP TABLE IF EXISTS `category`;
CREATE TABLE `category` (
  `id` int(11) NOT NULL AUTO_INCREMENT,
  `parentid` int(11) NOT NULL,
  `title` varchar(30) COLLATE utf8mb4_unicode_ci NOT NULL,
  `keywords` varchar(255) COLLATE utf8mb4_unicode_ci NOT NULL,
  `description` varchar(255) COLLATE utf8mb4_unicode_ci NOT NULL,
  `status` varchar(10) COLLATE utf8mb4_unicode_ci NOT NULL,
  PRIMARY KEY (`id`)
) ENGINE=InnoDB AUTO_INCREMENT=25 DEFAULT CHARSET=utf8mb4 COLLATE=utf8mb4_unicode_ci;

#
# Data for table "category"
#

INSERT INTO `category` VALUES (1,0,'Bilgisayar','bilgisayar k','bilgisayar','true'),(2,0,'Televizyon','televizyon','televizyon','true'),(3,1,'Laptop','laptop','laptop','true'),(4,1,'Masaüstü','masaüstü','masaüstü','True'),(5,0,'Elektrikli Ev Aleti Ve Yaşam','elektrikli','elektrikli','true'),(6,0,'Beyaz Eşya','ankastre','ankastre','true'),(7,0,'Kişisel bakım','kişisel','bakım','true'),(8,1,'Oyun Bilgisayarı','game','oyun bilgisayarı','true'),(9,2,'LD monitor','LD monitor','LD monitor','true'),(10,2,'LD TV televizyon','LD TV televizyon','LD TV televizyon','true'),(11,5,'Kahve Makinası','kahve makinası','kahve makinası','true'),(12,5,'Mutfak Robotu','mutfak robotu','mutfak robotu','true'),(13,5,'Su Isıtıcı','su ısıtıcı','ketil','true'),(14,5,'Ütü','Ütü','Ütü','true'),(15,7,'Epilasyon Aleti','Epilasyon','epilasyon','true'),(16,7,'Erkek Traş Ürünleri','erkek bakım','traş','true'),(17,7,'Saç Bakım','saç bakım','saç','true'),(18,6,'Bulaşık Makınesi','bulasık makınesi','bulasık','true'),(19,6,'Çamasır Makinesi','çamasır makınesi','çamaşır makinesi','true'),(20,6,'Buzdolabı','buzdolabı','buzdolabı','true'),(21,6,'Isıtma Ve Sogutma','ısıtma ve sogutma','ısıtma ve sogutma','true');

#
# Structure for table "image"
#

DROP TABLE IF EXISTS `image`;
CREATE TABLE `image` (
  `id` int(11) NOT NULL AUTO_INCREMENT,
  `product_id` int(11) DEFAULT NULL,
  `image` varchar(100) COLLATE utf8mb4_unicode_ci DEFAULT NULL,
  PRIMARY KEY (`id`)
) ENGINE=InnoDB AUTO_INCREMENT=156 DEFAULT CHARSET=utf8mb4 COLLATE=utf8mb4_unicode_ci;

#
# Data for table "image"
#

INSERT INTO `image` VALUES (1,2,'sac.jpg'),(3,2,'e5f55034b6ff68b597fb6d79ee6ed315.jpeg'),(4,2,'96759a5e763d413f7a997389651dc85b.jpeg'),(5,1,'35ecc07ff9bdea07129213a8f29a6c2b.jpeg'),(6,4,'68f0520f84461990c50597623fd95c80.jpeg'),(7,4,'782c186c294895e42d788f88a296bb21.jpeg'),(8,4,'062057a95a02cd1549a436ef51430df6.jpeg'),(10,7,'a9d140197907f16e91ba6b9c0a05f80f.jpeg'),(11,7,'d7a954bd22f34049ef7bc6fd365e13aa.jpeg'),(12,7,'ecd095f0bc8ad61c400ccfb8f3ac98b0.jpeg'),(13,8,'9137da0f55968892411c15a3269ac248.jpeg'),(14,8,'c64bc33f5086f6983c59ab094355ef03.jpeg'),(15,8,'c15efc3f9de3d56eb423261f24a8f522.jpeg'),(16,9,'4ec43fb2eed173f8c3e0ec0d7d10a341.jpeg'),(17,9,'ab679764756ca3ca5d82d6e9e28ddc5c.jpeg'),(18,9,'fd40f02014bb7ff622c91630165ad048.jpeg'),(19,10,'668ac1205f10f4af0cb56a5377fe80ce.jpeg'),(20,10,'de1b9f5204fd216b2acdd35ed31782df.jpeg'),(21,10,'9446bffc5d17309c69c5fadfe84c5bbf.jpeg'),(22,11,'f466f1351f168a7c7ccf94fe37f34597.jpeg'),(23,11,'68db2de902d873c6d5f76eb1ad75fe65.jpeg'),(24,11,'8a0b550d6721915e1191783bb3dc3cb2.jpeg'),(25,12,'1e33852ab953145fa25d5fdb013e87b3.jpeg'),(26,12,'72ea8fc23b7013093a5d3d6134a0627e.jpeg'),(27,12,'50d03efd0c029d4ff6ba5abfbada0714.jpeg'),(28,13,'7c095a1328aaae0da9d4c6cf904f5ba4.jpeg'),(29,13,'7e9117bdd9d4561cc9c4a6e715df8d3c.jpeg'),(30,13,'f61d8f486b3b4b454f185392ec1738a5.jpeg'),(31,14,'7951a69f33b878fb7b321b0f24376dc0.jpeg'),(32,14,'deeafe48aada2cd06faade2e52068ac4.jpeg'),(33,14,'16823f63f0857d477386dd954821acac.jpeg'),(34,15,'713f272b5728841d39ea451e69e5d4e2.jpeg'),(35,15,'8ee11e6bfe59309c52b1fe731e41f227.jpeg'),(36,15,'5491a7cc67e223637c286d178860a56c.jpeg'),(37,16,'16c2c84168138675771a698c2666e317.jpeg'),(38,16,'0b0db90ccd10fc090ca57e81de6a3212.jpeg'),(39,16,'7e64415b0dbcae67099d3af3546fbe9a.jpeg'),(40,17,'5c5284f00f2738008ba77afb24a15441.jpeg'),(41,17,'d2773ff53983875010f50921ebea0a74.jpeg'),(42,17,'239fcdf5194c6d2566933cb77e2359e7.jpeg'),(43,18,'5ca335726bef9f810fcbc06299d368f0.jpeg'),(44,18,'672fe06bd71f37c24d95b19a906be3d2.jpeg'),(45,18,'a217e2abc19207b6569c769b6f2fe87a.jpeg'),(46,19,'6d549a1e3e33edb44bd3f71d01d45dec.jpeg'),(47,19,'2c801b3e3f6bfe4f122f32846f94a79d.jpeg'),(48,19,'ff0efede6f73574c1f36dd254f65dd1b.jpeg'),(49,20,'27ec528fb394212ab5e9b99cb9455b50.jpeg'),(50,20,'629b003a3159fd91e82265d9e76aa7b0.jpeg'),(51,20,'928db12965241764b1383c09fd699451.jpeg'),(52,21,'57d857e4fc4bf12d532aa1423856a354.jpeg'),(53,21,'ecccc8a1c72e376460f38ac5ef3cb4f7.jpeg'),(54,21,'427e46ee2490bb410a691026c8fe75fb.jpeg'),(55,22,'d1e6d9d9856008fe1e4d70df138ae732.jpeg'),(56,22,'ff30c8ab053823cdc6a5fc96f8846142.jpeg'),(57,22,'ab3965572288903be1a0999373ba9e54.jpeg'),(58,23,'57b2c47e3035a4f7a18c11f93a8d9e52.jpeg'),(59,23,'169a391528b98800e54574ed54795f88.jpeg'),(60,23,'62290024840a452de8976024db4c41af.jpeg'),(61,24,'0220d9767205da14a2d355f82ef8c42e.jpeg'),(62,24,'23020d875e8025ecd8d1f261e90dc82d.jpeg'),(63,24,'30e13f14bbeb67ba2740d08f5487a840.jpeg'),(64,25,'adc492cb62e8bdad404af3d0d7edbee2.jpeg'),(65,25,'284c0c8f10d108995333072716ca5e34.jpeg'),(66,25,'0e5e24516f4bfe249327aed0b1141780.jpeg'),(67,26,'2d6ce3a3f7616180af35e6c674140801.jpeg'),(68,26,'e1367821f3a7705fb61f42a52a2efe65.jpeg'),(70,26,'14d0f81a0b7c82b0a3f023ec8fb61562.jpeg'),(71,27,'0c1fce30e9969a587564c109e2d97392.jpeg'),(72,27,'66c2f524a0a93aae1a1457b65334525a.jpeg'),(73,27,'a0213bb8ec4c3e9306c5daeecadc8c37.jpeg'),(74,28,'37e3617557d9c2acb782d8c363808b6c.jpeg'),(75,28,'15ad10daf8087e822211ed0841c7b81b.jpeg'),(76,28,'42b4edcc0e5b1abc5fc08bd24f9ed131.jpeg'),(77,29,'6b6af326150c881b3b05afe7547c2e61.jpeg'),(79,29,'fe7279a1e10792479a32126d8e21717c.jpeg'),(80,29,'36b22b65558c20d3f66df40de05885b5.jpeg'),(81,30,'ba5d3fed29f34f0e069bdcd0f5078c80.jpeg'),(82,30,'928b3bffea052f4b5d2c28fcf6d0a3da.jpeg'),(83,30,'8b9999de775e9913297dd13cb51b94d5.jpeg'),(84,31,'5b92a215e4bdb780568d75e7f54fa40d.jpeg'),(85,31,'fd9db522e7f76f9fb9194c1136eddd92.jpeg'),(86,31,'9821464780e2b46db57ebc4d059fd220.jpeg'),(87,32,'03ed66ca5b8bcfcdf73b766ad582c9ad.jpeg'),(88,32,'0c14eca81cf9b4953efc102c533937e4.jpeg'),(89,32,'7454413e0b1f96ce7e778107b52484bd.jpeg'),(90,33,'9e5af279b72e4ecba79bc27e29de5a33.jpeg'),(91,33,'7f809563bfdf80113eea3f2be35c3b60.jpeg'),(92,33,'9401032915aeb6ac3ad8fca4411f5bd9.jpeg'),(93,34,'6af73f102c7597678ffe039a2e3c680a.jpeg'),(94,34,'76f6aa61ca186ba3b3e91f7586678df7.jpeg'),(95,34,'9d9c2bb6c4f96e981c20335714a25699.jpeg'),(96,35,'52de076d0d89aba3ffde9048c9111783.jpeg'),(97,35,'56837761097b1c021f3312ce83b5acaa.jpeg'),(98,35,'6283bbef1424826ed9df3fc0abe88730.jpeg'),(99,36,'dacc216aa9a6318dcc938d636c1c2116.jpeg'),(100,36,'5b1487f9c45cf130b3ac6fbfecead3b4.jpeg'),(101,36,'74b6cb6b6e6ce1da672c5c153be7b435.jpeg'),(102,37,'ffc5cc47777c0659e5ec68af848871f5.jpeg'),(103,37,'7d964b66784a93321518e339912f2907.jpeg'),(104,37,'cc3e454ddfe0dfd792dd12a5e8adede2.jpeg'),(105,38,'d54123e16a977e62d679e9a47bba905c.jpeg'),(106,38,'6743617f8ed1a1dc65b62c44cfa3edf4.jpeg'),(107,38,'4d0868f40a66998b8e517588b34cb67a.jpeg'),(108,39,'7096ea4a8e2b868c2ced06f1c3d35b63.jpeg'),(109,39,'7ed7da660bbd1f5a380ca67cd265fcef.jpeg'),(110,39,'db598b209be2f97177c2c15aeec015aa.jpeg'),(111,40,'dcf4c73c7cfb82d4131bdebd8ca88256.jpeg'),(112,40,'e842c433af30cda0740ff5e8b19b33a9.jpeg'),(113,40,'02cb55db5e41d0373f5fb8b3e5c427b9.jpeg'),(114,41,'bf350d560f7612df869645d861518df9.jpeg'),(115,41,'2f564bd4a70e7886077fa7830b926821.jpeg'),(116,41,'fd630cfbd4a0ac7c17d8a16ffc2a39c1.jpeg'),(117,42,'d8c4e8c97fa4c3d00100002bee9f13c2.jpeg'),(118,42,'b2fd7c0dcec880e6036d54f0068fe9d0.jpeg'),(119,42,'13e31f2e6f81a3b9c2d355318bd4928f.jpeg'),(120,43,'2f74017d0f1d0420f8c2ebf2ef3b6d5a.jpeg'),(121,43,'def354d8f143bb9977232df879a07b3c.jpeg'),(122,43,'12d922638535689e4dc86cadbe250465.jpeg'),(123,44,'82383517b5c815ed0e26e73b2671e55b.jpeg'),(124,44,'7fe37ec49c6cf72590343dfd6e153a64.jpeg'),(125,44,'98193df8c2f9bd13b8c24751d2ef488a.jpeg'),(126,45,'28db1ba64821500ef7e026a1cf42adb2.jpeg'),(127,45,'4627905acaf293adda30f1dce623065c.jpeg'),(128,45,'32839ca658422030b7805d7a884621bd.jpeg'),(129,46,'47a91c96f5db91a784c5b0481b7c5b4d.jpeg'),(130,46,'8a39abfaf888279ec5afdc12fcdbf19f.jpeg'),(131,46,'775102d2cffb84008e0c29a347541318.jpeg'),(132,47,'fb85a7324c6c1feaf5d5aa280f51ca7f.jpeg'),(133,47,'230779775a0b885fb8fe7e438cb3c9af.jpeg'),(134,47,'0fb298f6508638529cfef5dcc112b5f3.jpeg'),(135,48,'f308b5c859581cca983adead21a55f51.jpeg'),(136,48,'75376d11feb6c54e6019efbdf86578d1.jpeg'),(137,48,'ed193edacf31702f0b008a77bd68bc99.jpeg'),(138,49,'264573780a3f30fdbe5b4bbffa71bdf3.jpeg'),(139,49,'c273566df8395c108170f174b5a65910.jpeg'),(140,49,'bdfc89d396734a80db844f51b3ce775a.jpeg'),(141,50,'59e2a5b4fcfd8a4565598d4034c7aece.jpeg'),(142,50,'eea0085dd59a5ada13c40ae386f63c93.jpeg'),(143,50,'20b0d7d1b9e0ed675d9dcdc9f5465628.jpeg'),(144,51,'81b3306ee6f1282cf0b6094ece1f3be0.jpeg'),(145,51,'f82b21428cb4e8ac59aa941d893c8501.jpeg'),(146,51,'d6ecd9343f1fef708456a48194000577.jpeg'),(147,52,'4abd4e23e1eb8687f8c3884bf7e89d69.jpeg'),(148,52,'1f21b50af281cf20b8864b9235891fa8.jpeg'),(149,52,'1aea0e157f73e4b964b57bf5cef867c6.jpeg'),(150,53,'52e981ac6347e84e933b5722e72fbc4a.jpeg'),(151,53,'2812677f5dc43ec1603334542a9d1a74.jpeg'),(152,53,'0a6e60dbf2a87491bdc1b80fb7c0f947.jpeg'),(153,54,'99377dfde1d7a6108e6fd68727187b0b.jpeg'),(154,54,'9d7319234ed037a8784b918d551bc573.jpeg'),(155,54,'4318ca5131f12d3799d518997fa978ba.jpeg');

#
# Structure for table "messages"
#

DROP TABLE IF EXISTS `messages`;
CREATE TABLE `messages` (
  `id` int(11) NOT NULL AUTO_INCREMENT,
  `name` varchar(20) COLLATE utf8mb4_unicode_ci DEFAULT NULL,
  `email` varchar(50) COLLATE utf8mb4_unicode_ci DEFAULT NULL,
  `subject` varchar(100) COLLATE utf8mb4_unicode_ci DEFAULT NULL,
  `message` varchar(255) COLLATE utf8mb4_unicode_ci DEFAULT NULL,
  `comment` varchar(100) COLLATE utf8mb4_unicode_ci DEFAULT NULL,
  `status` varchar(20) COLLATE utf8mb4_unicode_ci NOT NULL,
  PRIMARY KEY (`id`)
) ENGINE=InnoDB AUTO_INCREMENT=7 DEFAULT CHARSET=utf8mb4 COLLATE=utf8mb4_unicode_ci;

#
# Data for table "messages"
#

INSERT INTO `messages` VALUES (4,'Sedanur Durmuş','seda.drms@hotmail.com','Kargo','Kargom yanlıs adrese teslim yapmış ilgilenirmisiniz:)','2 gün içerisinde kargonuz teslim edilecektir','Okundu'),(5,'Furkan','furkandundar71@gmail.com','Sipariş Kargo Bilgileri','Benim kargo takip numarama ulaşamıyorum','Anladım hemen ilgileniyorum','Okundu'),(6,'ahmet','ahmet.yilmaz@hotmail.com','sipariş','sipariş gecikti',NULL,'New');

#
# Structure for table "migration_versions"
#

DROP TABLE IF EXISTS `migration_versions`;
CREATE TABLE `migration_versions` (
  `version` varchar(14) COLLATE utf8mb4_unicode_ci NOT NULL,
  `executed_at` datetime NOT NULL COMMENT '(DC2Type:datetime_immutable)',
  PRIMARY KEY (`version`)
) ENGINE=InnoDB DEFAULT CHARSET=utf8mb4 COLLATE=utf8mb4_unicode_ci;

#
# Data for table "migration_versions"
#

INSERT INTO `migration_versions` VALUES ('20190821131113','2019-08-21 13:11:18'),('20190821133323','2019-08-21 13:33:41'),('20190821135502','2019-08-21 14:17:04'),('20190821141754','2019-08-21 14:18:01'),('20190822150450','2019-08-22 15:05:09'),('20190822213226','2019-08-22 21:33:46'),('20190822224430','2019-08-22 22:44:54'),('20190823132438','2019-08-23 13:24:56'),('20190824123529','2019-08-24 12:35:45'),('20190824161539','2019-08-24 16:15:51'),('20190824161736','2019-08-24 16:17:47'),('20190828204434','2019-08-28 20:44:52');

#
# Structure for table "order_detail"
#

DROP TABLE IF EXISTS `order_detail`;
CREATE TABLE `order_detail` (
  `id` int(11) NOT NULL AUTO_INCREMENT,
  `orderid` varchar(255) COLLATE utf8mb4_unicode_ci DEFAULT NULL,
  `userid` varchar(255) COLLATE utf8mb4_unicode_ci DEFAULT NULL,
  `productid` varchar(255) COLLATE utf8mb4_unicode_ci DEFAULT NULL,
  `price` varchar(255) COLLATE utf8mb4_unicode_ci DEFAULT NULL,
  `quantity` varchar(255) COLLATE utf8mb4_unicode_ci DEFAULT NULL,
  `amount` varchar(255) COLLATE utf8mb4_unicode_ci DEFAULT NULL,
  `name` varchar(255) COLLATE utf8mb4_unicode_ci DEFAULT NULL,
  `status` varchar(255) COLLATE utf8mb4_unicode_ci DEFAULT NULL,
  PRIMARY KEY (`id`)
) ENGINE=InnoDB AUTO_INCREMENT=32 DEFAULT CHARSET=utf8mb4 COLLATE=utf8mb4_unicode_ci;

#
# Data for table "order_detail"
#

INSERT INTO `order_detail` VALUES (1,'1','3','2','10000','6','60000','arcelik','Ordered'),(2,'1','3','4','88','52','4576','lenova','Ordered'),(3,'1','3','4','88','1','88','lenova','Ordered'),(4,'2','3','1','5333','1','5333','lenova','Ordered'),(5,'2','3','4','88','1','88','lenova','Ordered'),(6,'3','3','4','88','1','88','lenova','Ordered'),(7,'4','3','4','88','1','88','lenova','Ordered'),(8,'6','3','4','88','1','88','lenova','Ordered'),(9,'8','3','4','88','3','264','lenova','Ordered'),(10,'9','17','14','7411','1','7411','Lg','Ordered'),(11,'13','17','51','21','1','21','Electrolux','Ordered'),(12,'13','17','14','7411','1','7411','Lg','Ordered'),(13,'14','17','37','5400','1','5400','Philips','Ordered'),(14,'15','17','37','5400','2','10800','Philips','Ordered'),(15,'16','17','7','5000','1','5000','Apple','Ordered'),(16,'17','18','11','8521','2','17042','Monster','Ordered'),(17,'18','18','15','714','3','2142','Apple','Ordered'),(18,'19','18','13','7141','3','21423','lenova','Ordered'),(19,'20','18','18','7141','4','28564','Philips','Ordered'),(20,'21','18','7','5000','4','20000','Apple','Ordered'),(21,'21','18','8','8542','2','17084','Lenova','Ordered'),(22,'21','18','10','532','2','1064','Casper','Ordered'),(23,'22','17','19','8582','2','17164','LG','Ordered'),(24,'22','17','25','88888','1','88888','Arzum','Ordered'),(25,'23','17','25','88888','2','177776','Arzum','Ordered'),(26,'24','17','52','250','1','250','Samsung','Ordered'),(27,'25','17','40','563','1','563','Grundig','Ordered'),(28,'26','17','19','8582','1','8582','LG','Ordered'),(29,'27','17','16','741','1','741','Lg','Ordered'),(30,'28','17','13','7141','1','7141','lenova','Ordered'),(31,'29','17','7','5000','1','5000','Apple','Ordered');

#
# Structure for table "orders"
#

DROP TABLE IF EXISTS `orders`;
CREATE TABLE `orders` (
  `id` int(11) NOT NULL AUTO_INCREMENT,
  `userid` int(11) DEFAULT NULL,
  `amount` double DEFAULT NULL,
  `name` varchar(255) COLLATE utf8mb4_unicode_ci DEFAULT NULL,
  `address` varchar(255) COLLATE utf8mb4_unicode_ci DEFAULT NULL,
  `city` varchar(255) COLLATE utf8mb4_unicode_ci DEFAULT NULL,
  `phone` varchar(255) COLLATE utf8mb4_unicode_ci DEFAULT NULL,
  `shipinfo` varchar(255) COLLATE utf8mb4_unicode_ci DEFAULT NULL,
  `status` varchar(255) COLLATE utf8mb4_unicode_ci DEFAULT NULL,
  `note` varchar(255) COLLATE utf8mb4_unicode_ci DEFAULT NULL,
  PRIMARY KEY (`id`)
) ENGINE=InnoDB AUTO_INCREMENT=30 DEFAULT CHARSET=utf8mb4 COLLATE=utf8mb4_unicode_ci;

#
# Data for table "orders"
#

INSERT INTO `orders` VALUES (8,3,264,'Furkan Dündar','Kırıkkale','Bingöl','5070810100','','Cancelled',''),(15,17,10800,'merve','sdd','Bingöl','0256','','Completed',''),(16,17,5000,'merve','sdd','Bingöl','0256','','Completed',''),(17,18,17042,'furkan','bursa','İstanbul','55555','','Completed',''),(18,18,2142,'furkan121','bursa','İstanbul','55555','','Accepted',''),(19,18,21423,'furkan666','bursa','İstanbul','55555','','Inshipping',''),(20,18,28564,'furkan4443','bursa','İstanbul','55555','','Accepted',''),(21,18,38148,'durmuş seda','bursa','İstanbul','55555','','Accepted',''),(22,17,106052,'merve','sdd','Bingöl','0256',NULL,'New',NULL),(23,17,177776,'merve','sdd','Bingöl','0256','','Accepted',''),(24,17,250,'merve','sdd','Bingöl','0256','','Inshipping',''),(25,17,563,'merve','sdd','Bingöl','0256','','Accepted',''),(26,17,8582,'merve','sdd','Bingöl','0256','','Accepted',''),(27,17,741,'merve','sdd','istanbul','22222222222',NULL,'New',NULL),(28,17,7141,'merve','sdd','Bingöl','0256',NULL,'New',NULL),(29,17,5000,'merve','sdd','Bingöl','0256','','Accepted','');

#
# Structure for table "product"
#

DROP TABLE IF EXISTS `product`;
CREATE TABLE `product` (
  `id` int(11) NOT NULL AUTO_INCREMENT,
  `title` varchar(150) COLLATE utf8mb4_unicode_ci DEFAULT NULL,
  `keywords` varchar(255) COLLATE utf8mb4_unicode_ci DEFAULT NULL,
  `description` varchar(255) COLLATE utf8mb4_unicode_ci DEFAULT NULL,
  `type` varchar(20) COLLATE utf8mb4_unicode_ci DEFAULT NULL,
  `publisher_id` int(11) DEFAULT NULL,
  `year` int(11) DEFAULT NULL,
  `amount` int(11) DEFAULT NULL,
  `pprice` double DEFAULT NULL,
  `sprice` double DEFAULT NULL,
  `min` int(11) DEFAULT NULL,
  `detail` longtext COLLATE utf8mb4_unicode_ci DEFAULT NULL,
  `image` varchar(150) COLLATE utf8mb4_unicode_ci DEFAULT NULL,
  `category_id` int(11) DEFAULT NULL,
  `status` varchar(10) COLLATE utf8mb4_unicode_ci DEFAULT NULL,
  PRIMARY KEY (`id`)
) ENGINE=InnoDB AUTO_INCREMENT=56 DEFAULT CHARSET=utf8mb4 COLLATE=utf8mb4_unicode_ci;

#
# Data for table "product"
#

INSERT INTO `product` VALUES (7,'Apple','Mac','Diz üstü yeni nesil',NULL,NULL,NULL,5,NULL,5000,NULL,'<p>macOS, her Mac’e hayat veren işletim sistemi. Başka bilgisayarlarda mümkün olmayan şeyleri yapmanızı sağlıyor. Çünkü üzerinde çalıştığı donanım için özel olarak tasarlandı. Aynı şekilde, donanım&nbsp;da onun&nbsp;için.</p>','cdd695898d429dab527c7d963cbad205.jpeg',3,'True'),(8,'Lenova','levona Bilgisayar','levona yeni nesil',NULL,NULL,NULL,2,NULL,8542,NULL,'<p>oga 920’unuzu çantasından çıkardığınızda tüm gözler üzerinize çevrilecek. Bu dönüştürülebilir dizüstü bilgisayar, neredeyse çerçevesiz 4k ekran ile modern tasarımı bir araya getiriyor; tüm dikkatleri üzerinize çekmemeniz neredeyse imkansız. En yeni nesil Intel Core i işlemci ile desteklenen bu cihazla her zaman bir adım önde olacaksınız.</p>','437afef7de49b3a1732d41458a5c133f.jpeg',3,'True'),(9,'Asus','asus yenı','asus dizüstü bilgisayar  yeni nesil',NULL,NULL,NULL,5,NULL,741,NULL,'<p>TUF Gaming FX505, TUF Aura Core paneli ile kontrol edilebilecek tüm bölgelerde RGB arkadan aydınlatma * özelliğine sahiptir ve böylece kendi benzersiz tarzınızı ifade edebilecek bir oyun için optimize edilmiş bir klavyeye sahiptir. Özel HyperStrike teknolojisi, belirgin hale getirilmiş WASD tuş grubu, daha geniş alan çubuğu, yalıtılmış ok tuşları ve fonksiyon tuşları arasında tanınabilir boşlukları olan masaüstü esinli düzen sayesinde daha doğru yazma ve gelişmiş ergonomi sağlar. Ek olarak, Overstroke teknolojisi hassas ve zahmetsiz kontrol için tuş vuruşlarını daha da hızlı kaydeder.</p>','b5ccc6bb5f3e857437206caf8d614d92.jpeg',3,'True'),(10,'Casper','Casper pc','yenı nesıl oyun bılgısayarı',NULL,NULL,NULL,2,NULL,532,NULL,'<p>OG Strix G, Windows 10 Pro\'da en yeni oyunlar ve çoklu görevler için muhteşem bir deneyim sunan tamamen yenilenmiş bir tasarıma sahiptir. En yeni 9. Nesil Intel Core işlemcileri ve GeForce RTX ™ grafikleriyle etkileyici bir oyun performansına sahip olacaksınız. Akıllı soğutma sistemi işlemcinin tüm potansiyelini ortaya çıkarırken RangeBoost, mümkün olan en güçlü Wi-Fi sinyalini sağlar.</p>','cd03ea3c788031275a242cb5662b7db9.jpeg',8,'True'),(11,'Monster','Monster','Monster yenı nesıl',NULL,NULL,NULL,2,NULL,8521,NULL,'<p>ROG Strix G, Windows 10 Pro\'da en yeni oyunlar ve çoklu görevler için muhteşem bir deneyim sunan tamamen yenilenmiş bir tasarıma sahiptir. En yeni 9. Nesil Intel Core işlemcileri ve GeForce RTX ™ grafikleriyle etkileyici bir oyun performansına sahip olacaksınız. Akıllı soğutma sistemi işlemcinin tüm potansiyelini ortaya çıkarırken RangeBoost, mümkün olan en güçlü Wi-Fi sinyalini sağlar.</p>','eeca89e32c15746ca10e005bbab99f65.jpeg',8,'True'),(12,'HP','HP','HP yenı nesıl oyun bılgısayarı',NULL,NULL,NULL,4,NULL,852,NULL,'<p>ROG Strix G, Windows 10 Pro\'da en yeni oyunlar ve çoklu görevler için muhteşem bir deneyim sunan tamamen yenilenmiş bir tasarıma sahiptir. En yeni 9. Nesil Intel Core işlemcileri ve GeForce RTX ™ grafikleriyle etkileyici bir oyun performansına sahip olacaksınız. Akıllı soğutma sistemi işlemcinin tüm potansiyelini ortaya çıkarırken RangeBoost, mümkün olan en güçlü Wi-Fi sinyalini sağlar.</p>','50b72a8453209cb46c416aebd459c655.jpeg',8,'True'),(13,'lenova','levona pc','lenova yenı nesıl',NULL,NULL,NULL,4,NULL,7141,NULL,'<p><strong>Her zamankinden&nbsp;</strong><br><strong>daha parlak bir vizyon.</strong><br>Sizi içine çeken ve de hep orada tutan etkileyici bir masaüstü deneyimi. iMac’lerin ardında yatan fikir işte bu. Ve bu fikir, şimdi her zamankinden daha güçlü. Yeni iMac; yepyeni işlemciler, en ileri grafik teknolojileri, yenilikçi depolama alanları ve daha yüksek bant genişliği sunan bağlantılara sahip. Ve tüm bu özellikler, iMac’in bugüne kadarki en parlak ve en renkli Retina ekranında hayat buluyor. Böylece size çok daha etkileyici bir deneyim ve bu deneyimi yaşamanız için göz kamaştırıcı yeni bir yol sunuyor.<br><br><strong>Hızlı düşünenler için hızlı düşünürler.</strong><br>Her yönüyle daha yüksek performans.<br>Şimdi her zamankinden daha hızlı ve daha güçlü olan iMac, yedinci nesil Intel Core i5 ve i7 işlemcilere ve en yeni yüksek performanslı grafik işlemcilerine sahip. Depolama performansı da vites yükseltiyor. Hızlı ve yüksek kapasiteli Fusion Drive, hem 27 inç hem de 21.5 inç Retina ekranlı modellerin standart konfigürasyonlarında yer alabiliyor. Bu sayede, iMac’te yapmayı sevdiğiniz her şeyi çok daha kolay yapabiliyorsunuz. Ve de son sürat.<br><br><strong>Nefes kesici bir grafik teknolojisi.</strong><br>iMac, ekranınızdaki her görüntüyü görkemli bir hale getiren yeni ve güçlü Radeon Pro 500 serisi grafik işlemcileriyle geliyor. 27 inç Retina 5K ekranlı iMac, 8 GB’a kadar bağımsız VRAM’e, 21.5 inç Retina 4K ekranlı iMac ise 4 GB’a kadar VRAM’e sahip. Her iki model de, görsel efektler ve 3D grafikler konusunda tam anlamıyla bir güç gösterisine imza atıyor. Tüm bunlara ek olarak, gelişmiş video düzenleme özellikleri de sunuyor. Şimdi beş adede kadar tam çözünürlükte 4K video gösterimiyle, Final Cut Pro X’teki çok kameralı projelerde kurgu yapabiliyorsunuz.</p>','ad7e9e59c5d4c86903cdeadd19913d07.jpeg',4,'True'),(14,'Lg','lg','lg yenı nesıl',NULL,NULL,NULL,7,NULL,7411,NULL,'<p><strong>Her hareketinize hız kazandıran bir işlemci.</strong><br>Tüm iMac modelleri yedinci nesil yepyeni Intel Core işlemcilere sahip. 27 inç model 4.2 GHz’e kadar, 21.5 inç model ise 3.6 GHz’e kadar hıza ulaşıyor. Bu hızlar, iMac’in şimdiye kadar ulaştığı en yüksek noktada. Ve Turbo Boost, işlemciyi yoğun olarak kullanan Logic Pro veya Final Cut Pro gibi uygulamalarla çalışırken size daha da fazla güç sağlıyor. Tüm bunlar işin perde arkasında gerçekleşiyor olsa da, siz farkı her yönden açıkça hissedebiliyorsunuz.<br><br><strong>Hızlı depolama.</strong><br><strong>Kıvrak zeka.</strong><br>Depolamada alan çok önemlidir. Ve de hız. Fusion Drive, size her iki açıdan da en iyi deneyimi sunuyor. En sık kullandığınız uygulamalar ve dosyalar hızlı flash depolama alanında otomatik olarak saklanırken, diğer her şey yüksek kapasiteli sabit sürücüye taşınıyor. Bilgisayarınızı açmak, uygulamaları başlatmak ve fotoğrafları içe aktarmak gibi tüm işlemler Fusion Drive ile çok daha hızlı ve verimli bir şekilde tamamlanıyor. Üstelik şimdi Fusion Drive tüm 27 inç modellerde ve en donanımlı şekilde yapılandırılmış 21.5 inç modelde standart.<br><br><strong>iMac sanal dünyaya açılıyor.</strong><br>Sanal gerçeklik iMac’te hayat buluyor. Şimdi Final Cut Pro gibi uygulamalarda 360° video kurgusu yapabiliyor ve son teknoloji 3D VR içerikleri oluşturabiliyorsunuz.<br><br><strong>Retina, parlaklığının doruğunda.</strong><br>Çok daha canlı. Çok daha renkli.<br>Retina ekran, iMac’te çok daha canlı ve göz alıcı. Bir milyar renk ve&nbsp;<br>500 nit parlaklık seviyesi sayesinde yepyeni bir görünüme kavuşan&nbsp;<br>grafikler sanki ekrandan dışarıya taşıyor. Ve pikseller tek bir tanesini bile fark edemeyeceğiniz kadar yoğun. Metinler de son derece net ve keskin. Mail ve belgeleriniz her zamankinden daha şık görünüyor. Kısacası,&nbsp;<br>bu şimdiye kadarki en iyi Mac Retina ekranı.<br><br><strong>Renkler en doğal halleriyle Mac’inizde.</strong><br>Dünya, görülmeye değer muhteşem renklerle dolu ve iMac tüm bu renkleri ekranınıza taşıyor. Retina ekranda yer alan P3 renk yelpazesi, standart beyaz LED’ler yerine gelişmiş kırmızı‑yeşil fosfor LED’ler kullanıyor. Böylece kırmızı, yeşil ve mavi renklerin her biri eşit derecede temsil ediliyor ve gerçek dünyanın renklerini daha dengeli ve daha gerçekçi bir şekilde yansıtıyor.<br><br><strong>Thunderbolt 3</strong><br><strong>Güçlü yeni&nbsp;</strong><br><strong>bağlantılar kurun.</strong><br>Bir önceki nesle göre iki kat daha fazla hız ve bant genişliği.<br>Tüm iMac modelleri standart olarak iki adet Thunderbolt 3 (USB-C) bağlantı noktasına sahip. Her ikisi de harici sürücüler ve kameralar için 40 Gbps veri aktarımının yanı sıra, video ve ekran bağlantıları için de&nbsp;<br>iki kat daha fazla bant genişliği sunuyor. Dört adet USB 3 bağlantı noktası;&nbsp;<br>yazıcı, iPhone ve USB bellek gibi birçok çevre birimini iMac’e bağlayabilmenizi sağlıyor. Tüm bunlara ek olarak, ultra hızlı, üç kanallı Wi-Fi ve Bluetooth 4.2 wireless bağlantı teknolojisi sayesinde, sevdiğiniz tüm içeriklere anında bağlanabiliyorsunuz.<br><br><strong>Çalışma alanınızı</strong><br><strong>gösteri alanına çevirin.</strong><br>Thunderbolt 3 ile, iMac’inizdeki olağanüstü ekranın yanına bir adet 5K ekran ekleyebiliyorsunuz. Veya dilerseniz, iki adet 4K ekran bağlayarak 32 milyonun üzerinde pikseli işe dahil edebiliyorsunuz.</p>','9a70e9fb58784df91b4f1100a669a9b1.jpeg',4,'True'),(15,'Apple','apple','apple mac',NULL,NULL,NULL,4,NULL,714,NULL,'<p><strong>5 milimetreye&nbsp;</strong><br><strong>çok şey sığabilir.</strong><br>İkonik tasarım, ileri teknoloji. Bir çağdaş sanat eseri.<br>iMac her zaman tasarım ve işlevselliğin mükemmel birlikteliğinden oluştu. Ekran, işlemci, grafik kartı, depolama, bellek gibi tüm donanımları sade, şık, hepsi-bir-arada bir kasaya sığdırdı.&nbsp;<br>Yeni iMac, şimdiye kadar tasarladığımız en gelişmiş, en mükemmel masaüstü ekrana sahip. Üstelik, güç ve performansı bambaşka&nbsp;<br>bir düzeye çıkaran yepyeni teknolojilerle dolu. Ve hâlâ sadece 5 mm inceliğinde.<br><br><strong>Şarj edilebilirler.</strong><br><strong>Çok dikkat çekecekler.</strong><br>Yeni Sayısal Tuş Takımlı Magic Keyboard ile yazı yazmak, hesap tablolarını düzenlemek veya profesyonel uygulamalarda gezinmek çok daha kolay. Ve Magic Mouse 2 ya da Magic Trackpad 2 ile eşleştirildiğinde, iMac’e muhteşem uyum sağlıyor.<br><br><strong>Mac’i Mac yapan şey.</strong><br>Mac’te yaptığınız her şey, gücünü macOS işletim sisteminden alıyor. Ve macOS Sierra, Siri’yi Mac’inize getiriyor. Fotoğraflarınızın keyfini çıkarmanın, internette daha güvenli alışveriş yapmanın ve aygıtlar arasında muhteşem bir uyum içinde çalışmanın farklı yollarını da.<br>&nbsp;</p>','c70ab038797883623808f6b373ba6683.jpeg',4,'True'),(16,'Lg','lg','lg TV',NULL,NULL,NULL,8,NULL,741,NULL,'<p><strong>ILED MONİTÖR</strong><br>Parlak LED ışıklandırma ince bir ekranda kristal berraklığında görüntüler, gerçek siyahlar,en canlı ve net görüntüler ile seyir keyfinizi maximuma çıkarır.<br><br><strong>IPS PANEL</strong><br>LG IPS monitör ile mükemmel renk kalitesi garanti altındadır. Speaker Monitör ile uzun sureli kullanımlarda dahi gözleri daha az yorar.<br><br><strong>AKILLI ENERJİ TASARRUFU</strong><br>LG Süper Enerji Tasarrufu teknolojisi, LED arka ışık etkisinin yanı sıra; Geleneksel LED’lere göre enerji tüketimini %25 ila %30 oranında düşürebilirsiniz. Ekran parlaklığını ayarlayarak, görüntü kaybı yaşamadan enerji tasarrufu yapabilirsiniz.<br><br><strong>DOSYA GÖRÜNTÜLEME ÖZELLİĞİ</strong><br>Yanınıza sadece USB\'nizi alın ve dosya görüntüleme özelliği sayesinde PowerPoint sunumlarını, Excel dosyalarını, en sevdiğiniz filmleri veya resimlerinizi herhangi bir işleme gerek kalmadan, USB üzerinden direkt görüntülenmesini sağlar.<br><br><strong>Stereo Speaker</strong><br>Gerçekçi 5WX2 hoparlör ile oyun oynama veya film izleme keyfinizi iki katına çıkarın.<br><br>- HD resolutIon (1366 x 768)<br>- Akıllı Enerji Tasarrufu<br>- 5Wx2 Speaker<br>- Divx HD Play<br>- 250 NITS PARLAKLIK<br>- 178/178 GENİŞ İZLEME AÇISI<br>&nbsp;</p>','97db7762eb5c9fffebcc42fedee46b4c.jpeg',9,'True'),(17,'Lg','lg televizyon','ince ekran',NULL,NULL,NULL,9,NULL,741,NULL,'<p><strong>Gerçek Renkler ve Daha Geniş İzleme Açısı</strong><br><br>Geniş İzleme Açısında Renk Bozulması Yaşamazsınız<br><br><strong>Sofistike ve Lüks Klasik Tasarım</strong><br><br>Keskin Siyah Tasarım ile Çarpıcı İzleme Deneyimi<br>&nbsp;</p>','6da24355763fde664d41a366e6a8d054.jpeg',9,'True'),(18,'Philips','Philips','Philips 32BDL4012N/62 32\" 81 Ekran HD Led Ekran',NULL,NULL,NULL,6,NULL,7141,NULL,'<h2>Philips 32BDL4012N/62 32\" 81 Ekran HD Led Ekran</h2><p>Digital Crystal Clear teknolojili Philips 4000 serisinin şık tasarımı harika bir değer sunar. Zahmetsiz bir eğlence deneyimi için HD ekranın ve net seslerin keyfini sürün.<br><br>- 32 inç</p>','087565608246ae79894e311910afa990.jpeg',9,'True'),(19,'LG','LG','LG 24TK410U-WZ 24\" Uydu Alıcılı Monitör TV Beyaz',NULL,NULL,NULL,4,NULL,8582,NULL,'<h2>LG 24TK410U-WZ 24\" Uydu Alıcılı Monitör TV Beyaz</h2><p><strong>Hem TV hem de Monitörün keyfini bir arada çıkarın</strong><br>LG TV Monitörü, TV ve Bilgisayar Monitörünü bir araya getiren çift amaçlı bir cihazdır. Ve özellikle PIP Modu, tek ekranda aynı anda dizi ve canlı futbol maçı izlemeyi mümkün kılıyor.<br><br><strong>ArcLine Ayak</strong><br>ArcLine, doğanın güzelliği ve enerjisinden esinlenerek zarif ve estetik bir şekilde tasarımı tamamlar.<br><br><strong>Geniş İzleme Açısı</strong><br>LG TV Monitörün HD çözünürlüğü, üstün renk doğruluğuyla gerçekçi görüntü kalitesi sunar. Otururken veya ayaktayken, aynı mükemmel görüntü projeksiyonunun keyfini çıkarabilirsiniz.<br><br><strong>Oyun Modu</strong><br>Karanlık yerlerdeki düşmanları algılamaya yardımcı olan Siyah Dengeleyici ve yüksek tempolu oyunlarda giriş takılmalarını önlemek için DAS Modu gibi çeşitli Oyun Modlarıyla profesyonel bir oyun ortamının keyfini çıkarabilirsiniz.<br><br><strong>Sinema Modu</strong><br>Kendi yaşam alanınızda film izlemek istediğinizde, Sinema Modunun tam görünürlüğü, karanlık sahnelerde bile tüm önemli anları yakalamayı mümkün kılar.<br><br><strong>5W x 2 Stereo Hoparlör&nbsp;</strong><br>Gerçekçi stereo ses ile filmlerinizin veya oyunlarınızın keyfini çıkarın. Dahili stereo hoparlörü sayesinde monitörünüzün etrafında ekstra hoparlörlere gerek kalmaz.<br><br><strong>Titreşim Önleme</strong><br>Titreşim seviyesini neredeyse sıfıra indiren, Flicker-Safe (Titreşim Önleme) özelliği gözlerinizi yorucu titreşimlerden korunmanıza yardımcı olur. İstediğiniz kadar çalışın ve eğlenin!<br><br><strong>Duvar Askı Aparatı</strong><br>Monitör TV’nizi iç mekanınıza uygun olarak monte etmeyi deneyin ve alandan tasarruf edin.<br>&nbsp;</p>','447957d80d19a749a3b5934862c3e873.jpeg',10,'True'),(20,'LG','LG 2 HD Uydu Alıcılı Led Monitör TV','LG 32TL420U 32\" 80 Ekran HD Uydu Alıcılı Led Monitör TV',NULL,NULL,NULL,1,NULL,532,NULL,'<p><strong>Gerçek Renkler ve Daha Geniş İzleme Açısı</strong><br><br>Geniş İzleme Açısında Renk Bozulması Yaşamazsınız<br><br><strong>Sofistike ve Lüks Klasik Tasarım</strong><br><br>Keskin Siyah Tasarım ile Çarpıcı İzleme Deneyimi<br>&nbsp;</p>','4389f78be1a9e0cdc7fba4f29b3f8cde.jpeg',10,'True'),(21,'Grundig','Grundig','Grundig 43GCU7900B 43\" 109 Ekran 4K Ultra HD Smart Led TV',NULL,NULL,NULL,5,NULL,7785,NULL,'<h2>Grundig 43GCU7900B 43\" 109 Ekran 4K Ultra HD Smart Led TV</h2><p><strong>HDR</strong><br>Grundig 4K UHD televizyonlar, sahip olduğu HDR teknolojisi sayesinde parlak beyazlar ile en koyu siyahlar arasındaki kontrastı arttırarak daha gerçekçi ve detayların kolaylıkla fark edilebildiği görüntüler sunuyor.<br><br><strong>4 çekirdek</strong><br>4 çekirdekli işlemciye sahip Grundig Televizyonlar, uygulamalar arasında daha hızlı ve daha kolay şekilde gezinme imkanı sunuyor.<br><br><strong>MAGIC FIDELITY</strong><br>Magic Fidelity teknolojisi ile tasarlanmış Grundig televizyonlar, güçlü bir çevresel ses sunarak izleme deneyimini arttırıyor. Magic Fidelity; bir bass hoparlör ve her biri kendine ait muhafaza içinde bulunan iki hoparlör sayesinde yarattığı 3 boyutlu ses efektiyle odayı dolduruyormuş hissi veriyor ve çevreleme etkisi yaratıyor.</p>','743a86d329dd19dd5e0c391f3cd8b113.jpeg',10,'True'),(22,'Preo','Preo','Preo PTCM01 Kahve Makinesi Siyah',NULL,NULL,NULL,3,NULL,5421,NULL,'<h2>Preo PTCM01 Kahve Makinesi Siyah</h2><p>- 850W<br>- 350 ml / 4-5 fincan kapasite<br>- 304 kalite paslanmaz çelik<br>- 360° dönmeyi saplayan enerji iletim tabanı<br>- Kablosuz kullanım kolaylığı<br>- Ergonomik tutma sapı<br>- Susuz çalışmayı önleyen emniyet sistemi</p>','33b5783a2a4e1508da6505d9435d38c0.jpeg',11,'True'),(23,'Philips','Philips Daily Collection Kahve Makinesi','Philips HD7461/20 Daily Collection Kahve Makinesi',NULL,NULL,NULL,2,NULL,5423,NULL,'<h2>Philips HD7461/20 Daily Collection Kahve Makinesi</h2><p>Bu dayanıklı Philips kahve makinesi ile taze çekilmiş kahve lezzeti ve aromasının keyfini çıkarın. Aroma karıştırıcı sayesinde her fincanda en iyi lezzeti elde edersiniz.<br><br>- Cam sürahili<br>- Siyah</p>','2c943ec166a71e39836303422fb38f49.jpeg',11,'True'),(24,'Electrolux','Electrolux EKF3300 Filtre Kahve Makinesi','Electrolux EKF3300 Filtre Kahve Makinesi',NULL,NULL,NULL,6,NULL,542,NULL,'<p><strong>Tasarım</strong></p><figure class=\"table\"><table><tbody><tr><td>Demlenmiş kahve için rezervuar</td><td>Sürahi&nbsp;</td></tr><tr><td>Demlenmiş kahve malzemesi için rezervuar</td><td>Cam&nbsp;</td></tr><tr><td>Dahili ekran</td><td>Hayir&nbsp;</td></tr><tr><td>Kasa dizaynı</td><td>Tezgah&nbsp;</td></tr><tr><td>Ürün tipi</td><td>Filtre kahve makinesi&nbsp;</td></tr><tr><td>Muhafaza malzemesi</td><td>Cam, Metal, Plastik&nbsp;</td></tr><tr><td>Ürün rengi</td><td>Siyah</td></tr></tbody></table></figure><p><strong>Ağırlık &amp; boyutlar</strong></p><figure class=\"table\"><table><tbody><tr><td>Ağırlık</td><td>1, 85 g</td></tr><tr><td>Yükseklik</td><td>315 mm</td></tr><tr><td>Genişlik</td><td>190 mm</td></tr><tr><td>Derinlik</td><td>285 mm</td></tr></tbody></table></figure>','7cd7ca4edbf6ebca1cc3ff50cddfd6f0.jpeg',11,'True'),(25,'Arzum','Arzum Kırmızı Blender Seti','Arzum AR1025 Smartmax 1000W Kırmızı Blender Seti',NULL,NULL,NULL,5,NULL,88888,NULL,'<h2>ARZUM AR1055 PROCHOPP PLUS DOĞRAYICI- MURDUM</h2><p>AR1055 Arzum Prochopp Plus Doğrayıcı MÜRDÜM</p>','a3572a9c9f785bede9ea1080c04c3d78.jpeg',12,'True'),(26,'Tefal','Tefal Activflow Pro 1000W Kırmızı Blender Seti','Tefal Activflow Pro 1000W Kırmızı Blender Seti',NULL,NULL,NULL,4,NULL,8355,NULL,'<h2>Tefal Activflow Pro 1000W Kırmızı Blender Seti</h2><p><strong>Bıçak Teknolojisi</strong></p><h3>&nbsp;</h3><p>Activflow Pro Gümüş 1000W Bıçağın iç tarafındaki kavisli bıçakları mükemmel biçimde topakları yakalarken, bıçağın dış tarafındaki düz bıçakları üstün karıştırma sağlar.</p><p><strong>Yüksek Performans</strong></p><h3>&nbsp;</h3><p>Activflow Pro Gümüş 1000W 1000 W Güç .</p><p><strong>Kolay Temizlik</strong></p><h3>&nbsp;</h3><p>Activflow Pro Gümüş 1000W Doğrayıcı hazne (kapağı çıkartılmalı), blender ucu, çırpma ucu, doğrayıcı bıçak ve karıştırma haznesi bulaşık makinesinde yıkanabilir.</p>','b5da9915fb2a8e82526d26ac84c74036.jpeg',12,'True'),(27,'Tefal','Tefal Masterchop XXL Mavi','Tefal Masterchop XXL Mavi',NULL,NULL,NULL,5,NULL,578,NULL,'<h2>Tefal Masterchop XXL Mavi</h2><p>- 500 W Güç<br>- 1,5 L Kapasite</p>','f06b684ad206c167e5ff32acb13fde42.jpeg',12,'True'),(28,'Philips','Philips Daily Collection HD9350/90 2200W Su Isıtıcı','Philips Daily Collection HD9350/90 2200W Su Isıtıcı',NULL,NULL,NULL,2,NULL,44444,NULL,'<h2>Philips Daily Collection HD9350/90 2200W Su Isıtıcı</h2><p>Uzun ve güvenilir günlük kullanım için güvenli, gıdalarla kullanıma uygun kaliteye sahip paslanmaz çelikten sağlam su ısıtıcı. Philips, 60 yıllık güven ve uzmanlığını bu şık ve uzun ömürlü su ısıtıcıda sunuyor.<br><br>- Metal<br>- Yaylı kapak<br>- Işıklı gösterge<br>- 1,7 L</p>','d45d9c52312fe8a311f50e903b2a9adb.jpeg',13,'True'),(29,'Fakir','Fakir Martha 2200W Çelik Su Isıtıcı','Fakir Martha 2200W Çelik Su Isıtıcı',NULL,NULL,NULL,8,NULL,888,NULL,'<h2>Fakir Martha 2200W Çelik Su Isıtıcı</h2><p>&nbsp;</p><p>Martha Su Isıtıcı<br><br>• Max : 2200W<br>• Mat paslanmaz çelik gövde<br>• Kapasite:1.7L<br>• 360 derece dönebilen kablosuz su ısıtıcısı<br>• Paslanmaz çelik gizli rezistans<br>• Su seviye penceresi<br>• Çıkartılabilir, yıkanabilir kireç filtreli geniş ağız<br>• Kaynama sırasında otomatik kapanma<br>• Aşırı ısınma ve susuz kaynatma korumaları<br>• Güvenlik kilitli kapak ve kablo saklama yuvası</p><p><br>&nbsp;</p><p>2200W, 1.7 L, Paslanmaz çelik</p>','4ec28ce9731a143eae6fcd723e3eb466.jpeg',13,'True'),(30,'Sinbo Kablosuz Su Isıtıcı','Sinbo SK-7305 2000W Kablosuz Su Isıtıcı','Sinbo SK-7305 2000W Kablosuz Su Isıtıcı',NULL,NULL,NULL,9,NULL,8888,NULL,'<h2>Sinbo SK-7305 2000W Kablosuz Su Isıtıcı</h2><p>&nbsp;</p><p>&nbsp;</p><ul><li>1.8 litre kapasite</li><li>Paslanmaz çelikten, gizli ısıtma elemanı</li><li>Otomatik kapanma</li><li>Boş çalışmayı önleyen devre kesici sistemi</li><li>Çalışma gösterge ışığı</li><li>360 derece döndürebilir</li><li>Kablo sarma yuvası</li><li>2000W</li></ul><p><br>&nbsp;</p><p>1.8 L, AC 230 V, 50 Hz, 2000 W</p>','5b08dcdc03a10d74c71d684f7312e5d8.jpeg',13,'True'),(31,'Philips','Philips GC4506/20 Azur Performer Plus Ütü (Divarese Cüzdan Hediyeli)','Philips GC4506/20 Azur Performer Plus Ütü (Divarese Cüzdan Hediyeli)',NULL,3,NULL,2,NULL,20,NULL,'<h2>Philips GC4506/20 Azur Performer Plus Ütü (Divarese Cüzdan Hediyeli)</h2><p>Philips buharlı ütü Azur Performer Plus güçlü performans ve kullanım kolaylığını bir araya getirir. Dahili kireç haznesi, etkili kireç temizliği sağlayarak uzun süreli buhar gücü, Otomatik buhar kontrolü ve SteamGlide taban sunar.<br><br>- 45 g/dk buhar; 170 g şok buhar<br>- SteamGlide taban<br>- Kireç önleme<br>- 2400 Watt</p>','944a0f491e1796a504d7184f1613b677.jpeg',14,'True'),(32,'Arzum','Arzum AR692 Steamart Power Buharlı Ütü','Arzum AR692 Steamart Power Buharlı Ütü',NULL,NULL,NULL,4,NULL,100,NULL,'<h2>Arzum AR692 Steamart Power Buharlı Ütü</h2><p>&nbsp;</p><p>Güçlü performansıyla evinizdeki en büyük yardımcınız olmaya aday.</p><h3><strong>İyonize Taban Teknolojisi</strong></h3><p>Üstün Kayganlık, İpeksi Ütüleme.İyonize taban teknolojisi sayesinde giysileriniz ilk günkü ipeksi dokusunu kaybetmez. Yüksek kayganlığı sayesinde hızlı ve kolay ütüleme performansı sağlar.</p><h3><strong>Güç</strong></h3><p>Steamart Power 2800 W gücü ile kolayca ısınır ve yüksek performans sağlar.</p><h3><strong>Şok Buhar</strong></h3><p>Arzum Steamart Power güçlü şok buhar etkisiyle zor kırışıklıklarla bile kolayca baş etmenizi sağlar.</p><h3><strong>Sürekli Buhar Çıkışı</strong></h3><p>45gr/dk sürekli buhar çıkışı, kırışıklıkların kolaylıkla giderilmesi için mükemmel performans gösterir.</p><h3><strong>Damlamayı Önleyen Sistem&nbsp;(Anti-Drip)</strong></h3><p>Damlama önleyici sistem, düşük sıcaklıkta ütü yaparken bile kumaşınızın üzerine su damlamasına engel olur.</p><h3><strong>Otomatik Kapanma Sistemi</strong></h3><p>Farkında olmadan gözetimsiz bırakıldığında Steamart Plus ütünüz otomatik olarak kapanır. Dikey konumda bırakıldıysa 8 dakika sonra kapanır. Tabanı yere temas halinde ya da yan durumda bırakılmışsa sadece 30 saniyede kapanır.</p>','a2dd54c4f78be7d28c7ded5878935375.jpeg',14,'True'),(33,'Tefal','Tefal FV9785 Ultimate Kireç Avcısı Ütü','Tefal FV9785 Ultimate Kireç Avcısı Ütü',NULL,NULL,NULL,7,NULL,210,NULL,'<h2>Tefal FV9785 Ultimate Kireç Avcısı Ütü</h2><p>&nbsp;</p><p><strong>3000 W Güç</strong><br>Ultimate Kireç Avcısı Fv9785 Yüksek güç için hızlı ısınma güçlü performans.<br><br><strong>Sürekli Buhar gücü</strong><br>Ultimate Kireç Avcısı Fv9785 55 gr/dk sürekli buhar gücü sayesinde tüm kırışıklıkları rahatça açabilirsiniz.<br><br><strong>230 gr/dk Şok Buhar</strong><br>Ultimate Kireç Avcısı Fv9785 230 gr/dk şok buhar sert kırışıklıklar karşısında mükemmel sonuç almanızı sağlar.<br><br><strong>Anti - Damlatma Önlemi</strong><br>Ultimate Kireç Avcısı Fv9785 Düşük sıcaklıkta hassas kumaşları ütüleme yaparken, anti-damlama özelliği su akıntısını engeller.<br><br><strong>Ekstra Güvenlik için Otomatik Kapanma</strong><br>Ultimate Kireç Avcısı Fv9785 Dikey olarak 8 dakika ya da yatay olarak 30 sn sonra ütünüz otomatik olarak kapanır. Kaza risklerini minimuma indirir.<br><br><strong>Otomatik Buhar Ayarı</strong><br>Ultimate Kireç Avcısı Fv9785 Otomatik Buhar ayarı sayesinde mükemmel ütüleme performansı için kumaş tipini seçmeniz yeterli. Uygun sıcaklığı ve buhar çıkışını otomatik olarak ütünüz ayarlayacaktır.<br><br><strong>350 ml Su Haznesi</strong><br>Ultimate Kireç Avcısı Fv9785 350 ml su tankı kapasitesi sayesinde uzun süre boyunca kesintisiz ütüleme.</p>','80b8492d05a71b53fbef956fe4c56f9f.jpeg',14,'True'),(34,'Braun Silk-Epil 3 /','Braun Silk-Epil 3 / 3270 Epilatör','Braun Silk-Epil 3 / 3270 Epilatör',NULL,NULL,NULL,2,NULL,1000,NULL,'<h2>Braun Silk-Epil 3 / 3270 Epilatör</h2><p><strong>20-Cımbız Sistemi</strong></p><h3>&nbsp;</h3><p>20 cımbız uzun süreli pürüzsüzlük için tüyleri kökünden verimli biçimde temizler.</p>','75653bb945b8b7b7a5df03b625d1ef31.jpeg',15,'True'),(35,'Rowenta','Rowenta EP5620 Sılence Soft Basic Epilatör','Rowenta EP5620 Sılence Soft Basic Epilatör',NULL,NULL,NULL,2,NULL,5210,NULL,'<h2>Rowenta EP5620 Sılence Soft Basic Epilatör</h2><p><strong>Kusursuz ve pürüzsüz bir cilt için hassas güzellik ritüeli</strong><br><br>Silence Soft ile epilasyon huzur dolu bir ana dönüşüyor. Hava geçirmez çift kapaklı sessizlik sistemi teknolojisi sayesinde tam sessiz ve yüksek hassasiyetli epilasyon deneyimi için dört kat* daha sessiz epilasyon süreci.<br>*Rowenta EP75 ve EP87 serilerine göre</p>','c3a4a10cb8a87570ebe754bae88d9c98.jpeg',15,'True'),(36,'Philips','Philips BRE635/05 Satinelle Advanced Islak ve Kuru Epilatör','Philips BRE635/05 Satinelle Advanced Islak ve Kuru Epilatör',NULL,NULL,NULL,1,NULL,5210,NULL,'<h2>Philips BRE635/05 Satinelle Advanced Islak ve Kuru Epilatör</h2><p>En hızlı epilatörümüzde hiç olmadığı kadar hızlı dönen benzersiz seramik diskler bulunur ve bu diskler ince, kısa tüyleri bile sıkıca kavrar. Özel tüy alma yöntemlerini kullanarak haftalarca süren ipeksi pürüzsüzlüğün keyfini çıkarın.<br><br>- Bacaklar, vücut ve yüz için<br>- Seramik diskler ince tüyleri yakalar<br>- S şekilli gövde tasarımı<br>- + 5 aksesuar</p>','610a432cd77081c8c11e142da0ee27ac.jpeg',15,'True'),(37,'Philips','Philips S1070/04 Aqua Touch Islak Kuru Traş Makinesi','Philips S1070/04 Aqua Touch Islak Kuru Traş Makinesi',NULL,NULL,NULL,4,NULL,5400,NULL,'<h2>Philips S1070/04 Aqua Touch Islak Kuru Traş Makinesi</h2><p>Artık cildinizi tahriş etmeden ferahlatıcı bir tıraşın keyfini çıkarabilirsiniz. Cildinizin rahat etmesi için AquaTouch\'ı tıraş jeli ya da köpükle birlikte kullanın. Aquatec ile güvenli ve ferahlatıcı bir ıslak tıraş mümkündür. Kolay bir tıraş için kuru olarak da kullanabilirsiniz.<br><br><strong>AquaTec ile rahat bir kuru tıraş veya ferahlatıcı bir ıslak tıraş deneyimi yaşayın&nbsp;</strong><br>Nasıl tıraş etmek istediğinize karar verin. Aquatec Islak ve Kuru tıraş özelliği sayesinde, hızlı ve rahat bir kuru tıraş tercih edebilirsiniz. İsterseniz de jel ve köpük ile duşun altında ıslak tıraşı seçebilirsiniz.<br><br><strong>Güvenilir ve temiz bir tıraş için kendiliğinden bilenen hassas bıçaklar&nbsp;</strong><br>İster ıslak ister kuru; rahat tıraşın keyfini çıkarın. Yuvarlak profilli başlığa sahip Kendiliğinden Bilenen Bıçak sistemimiz cildinizi kesikten veya çizikten koruyarak cildinizde pürüzsüz biçimde kayar.<br><br><strong>Her kıvrımı kolayca tıraş etmek için 3 yönde esnek başlıklar&nbsp;</strong><br>Yüzünüzün her kıvrımına uyum sağlamak için 3 bağımsız hareketli esnek başlıklar; boyun ve çene çizgisi gibi en zorlu bölgelerde bile temiz bir tıraş için cilde yakın temas sağlar.<br><br><strong>Favorileri ve bıyığı düzeltmek için ideal</strong><br>Hassas düzeltici ile imajınızı tamamlayın. Bıyığı ve favorileri düzeltmek için idealdir.<br>&nbsp;</p>','c111c48f9ba684f4e2b572051fd37ca2.jpeg',16,'True'),(38,'Philips','Philips QP6505/20 OneBlade Pro Sakal Kesme Makinesi','Philips QP6505/20 OneBlade Pro Sakal Kesme Makinesi',NULL,NULL,NULL,7,NULL,521,NULL,'<h3>Kısaltın</h3><p>Ürünle birlikte verilen ayarlanabilir hassas tarak ile sakalınızı eşit uzunlukta kısaltın. 12 kilitli uzunluk ayarından birini seçin ve gün sonu sakalından yoğun kısaltmaya ve daha uzun sakal stillerine kadar istediğiniz her görünümü elde edin.</p>','b247347defb73c8f7403cdf9820c950c.jpeg',16,'True'),(39,'Goldmaster','Goldmaster One Force GM-7180 Multi Fonksiyonlu Şekillendirici Traş Makinesi','Goldmaster One Force GM-7180 Multi Fonksiyonlu Şekillendirici Traş Makinesi',NULL,NULL,NULL,14,NULL,50000,NULL,'<h2>Goldmaster One Force GM-7180 Multi Fonksiyonlu Şekillendirici Traş Makinesi</h2><p>- Sinek kaydı traş fonksiyonu<br>- Sakal kısaltma fonksiyonu<br>- 0,5 mm den 10 mm’ye kadar 20 farklı uzunluk ayarına sahip sakal kesme tarağı<br>- Li-ion şarj edilebilir batarya ile 45 dk kesintisiz kullanım<br>- Islak-kuru kullanım</p>','59b3f1b6da078b8a3a062419e8b3c3e0.jpeg',16,'True'),(40,'Grundig','Grundig HD 9280 Professional Line Saç Kurutma Makinesi','Grundig HD 9280 Professional Line Saç Kurutma Makinesi',NULL,NULL,NULL,7,NULL,563,NULL,'<p><strong>Özellikler</strong></p><figure class=\"table\"><table><tbody><tr><td>Katlanabilen sap</td><td>Hayir&nbsp;</td></tr><tr><td>Güç</td><td>2200 W</td></tr><tr><td>İyonik fonksiyon</td><td>Evet&nbsp;</td></tr><tr><td>Motor türü</td><td>AC&nbsp;</td></tr><tr><td>Soğuk çekim fonksiyonu</td><td>Evet&nbsp;</td></tr><tr><td>Ürün rengi</td><td>Siyah</td></tr></tbody></table></figure><p><strong>Enerji yönetimi</strong></p><figure class=\"table\"><table><tbody><tr><td>AC girdi voltajı</td><td>230-240 V</td></tr><tr><td>AC girdi frekansı</td><td>50 Hz</td></tr><tr><td>Güç</td><td>2200 W</td></tr></tbody></table></figure>','0fd910dd52db4cffb4ae5bd5e103d09a.jpeg',17,'True'),(41,'Grundig','Grundig HS 5630 Saç Düzleştirici','Grundig HS 5630 Saç Düzleştirici',NULL,NULL,NULL,9,NULL,4210,NULL,'<p><strong>Teknik detaylar</strong></p><figure class=\"table\"><table><tbody><tr><td>Ekran türü</td><td>LCD&nbsp;</td></tr><tr><td>Ağırlık</td><td>376 g</td></tr><tr><td>Ayarlanabilir termostat</td><td>Evet&nbsp;</td></tr><tr><td>Dahili ekran</td><td>Evet&nbsp;</td></tr><tr><td>Entegre açma/kapama düğmesi</td><td>Evet&nbsp;</td></tr><tr><td>Gösterge ışığı</td><td>Evet&nbsp;</td></tr><tr><td>Isı (minimum)</td><td>120 °C</td></tr><tr><td>Isı maksimum)</td><td>210 °C</td></tr><tr><td>Otomatik güç kapalı</td><td>Evet&nbsp;</td></tr><tr><td>Tip</td><td>Düzleştirme maşası&nbsp;</td></tr><tr><td>Ürün rengi</td><td>Gül ağacı, Gümüş&nbsp;</td></tr></tbody></table></figure>','75fe68f77b2de305cfa930afdefc8cc4.jpeg',17,'True'),(42,'Preo','Preo PHD02 Saç Kurutma Makinesi Siyah Gold','Preo PHD02 Saç Kurutma Makinesi Siyah Gold',NULL,NULL,NULL,5,NULL,210,NULL,'<h2>Preo PHD02 Saç Kurutma Makinesi Siyah Gold</h2><p>- 2400W yüksek performans (DC motor)<br>- Hava akısını esit olarak saçın genis alanlarına yayan hacim difüzörü<br>- Asırı ısınmaya karsı sigorta sistemi ile korunma<br>- Sogutma fonksiyonu<br>- Hava akım kontrolü<br>- Difüzör baslıgı<br>- Katlanabilir tutma sapı<br>- Asma halkası</p>','5eeedbfd687a4f4e3f43be01984bc939.jpeg',17,'True'),(43,'Electrolux','Electrolux ESF5533 Low A++ 6 Programlı Beyaz Bulasık Makinesi','Electrolux ESF5533 Low A++ 6 Programlı Beyaz Bulasık Makinesi',NULL,NULL,NULL,6,NULL,74521,NULL,'<h2>Electrolux ESF5533 Low A++ 6 Programlı Beyaz Bulasık Makinesi</h2><p>Makinenizin sahip olduğu hızlı programın yanı sıra uzun süreli programları da TimeManager fonksiyonu ile yarı yarıya indirebilir; ışıldayan bulaşıklara % 50 daha kısa sürede ulaşabilirsiniz.</p>','b5e85b1acbf9474e810507f393058985.jpeg',18,'True'),(44,'Grundig','Grundig GDF5302 5 Programlı Inox Bulaşık Makinesi','Grundig GDF5302 5 Programlı Inox Bulaşık Makinesi',NULL,NULL,NULL,3,NULL,8963,NULL,'<p><strong>Performans</strong></p><figure class=\"table\"><table><tbody><tr><td>Ayarlı çalıştırma zamanlayıcısı</td><td>Evet&nbsp;</td></tr><tr><td>Bulaşık yıkama programları</td><td>Eco 50 ºC, Intensive 70 ºC, Hızlı&nbsp;</td></tr><tr><td>Taşma koruması</td><td>Evet&nbsp;</td></tr><tr><td>Gecikmeli başlangıç</td><td>9 Saat</td></tr><tr><td>Dahili ekran</td><td>Evet&nbsp;</td></tr><tr><td>Kurutma sınıfı</td><td>A&nbsp;</td></tr><tr><td>Yer adedi</td><td>14 yerler</td></tr><tr><td>Gürültü seviyesi</td><td>49 dB</td></tr><tr><td>Yıkama programı sayısı</td><td>5&nbsp;</td></tr></tbody></table></figure>','58baf3462618007fcf93615e7ef0a353.jpeg',18,'True'),(45,'Samsung','Samsung DW60M5052FW/TR A+ 5 Programlı Bulaşık Makinesi','Samsung DW60M5052FW/TR A+ 5 Programlı Bulaşık Makinesi',NULL,NULL,NULL,6,NULL,5421,NULL,'<h2>Samsung DW60M5052FW/TR A+ 5 Programlı Bulaşık Makinesi</h2><p><strong>Program takibini daha kolay yapın</strong></p><h3>&nbsp;</h3><p>Büyük LED Ekran<br>Okunması kolay geniş bir LED ekran ile bulaşık yıkama programınızı daha rahat bir şekilde takip edin.</p>','7a7a806075e9e16391393ca91633de6a.jpeg',18,'True'),(46,'Electrolux','Electrolux Ew8F2166Ma A+++(-%40) 10 Kg 1600 Devir Buharlı Beyaz Çamaşır Makinesi','Electrolux Ew8F2166Ma A+++(-%40) 10 Kg 1600 Devir Buharlı Beyaz Çamaşır Makinesi',NULL,NULL,NULL,5,NULL,41,NULL,'<h2>Electrolux Ew8F2166Ma A+++(-%40) 10 Kg 1600 Devir Buharlı Beyaz Çamaşır Makinesi</h2><p><strong>UltraCare System ile giysilerinizde mükemmel yumuşaklığı elde edin</strong><br><br>Yumuşatıcıyı giysilerinize ulaştırmadan önce su ile karıştırarak çözen, ardından püskürten UltraCare System Teknolojisiyle yumuşatıcı giysilerinizin dokularına eşit olarak dağılır. Giysilerinizde mükemmel yumuşaklık sağlanır.<br><br><strong>59 dakikada A sınıfı temizlik sağlayan UltraWash programı</strong><br><br>UltraWash programı UltraCare System Teknolojisi sayesinde deterjanı su içerisinde karıştırıp hızlıca aktive ederek 5 kg kirli çamaşırı 59 dakikada mükemmel olarak temizler.<br><br><strong>Buhar + Parfüm programı ile giysilerinizi hızlıca tazeleyin ve yeni yıkanmış gibi güzel kokmasını sağlayın</strong><br><br>En sevdiğiniz giysilerinizi, acilen ihtiyacınız olduğunda, Buhar+Parfüm programını kullanarak Electrolux Parfümü ile hızlıca tazeleyebilir; yeni yıkanmış hissi vermesini ve güzel kokmasını sağlayabilirsiniz.<br>&nbsp;</p>','e7454a43aa89d2eba827cff3ed7e4e44.jpeg',19,'True'),(47,'Samsung','Samsung WW10N644RBX/AH A+++ 1400 Devir 10 Kg Çamaşır Makinesi','Samsung WW10N644RBX/AH A+++ 1400 Devir 10 Kg Çamaşır Makinesi',NULL,NULL,NULL,7,NULL,863,NULL,'<h2>Samsung WW10N644RBX/AH A+++ 1400 Devir 10 Kg Çamaşır Makinesi</h2><p><strong>Çamaşır makinenizi yeni tutun</strong></p><h3>&nbsp;</h3><p>Eko Temiz Kazan + tamburdaki ve kapak contasındaki kiri temizler. Deterjan kullanmadan, suda bekletme, titreşim ve hızlı dönüş ile kazan temizlenir ve temizlik gerektiğinde sizi bilgilendirir*.</p>','8bbbfdb6b74b01713ecc15c251149b3b.jpeg',19,'True'),(48,'LG','LG RC90U2EV2W.ASSPLTK 9kg A+++(-%10) Kurutma Makinesi Inox','LG RC90U2EV2W.ASSPLTK 9kg A+++(-%10) Kurutma Makinesi Inox',NULL,NULL,NULL,7,NULL,471,NULL,'<h2>LG RC90U2EV2W.ASSPLTK 9kg A+++(-%10) Kurutma Makinesi Inox</h2><p>&nbsp;</p><ul><li>DUAL Inverter Heat Pump™</li><li>Eco Hybrid™</li><li>Allergy Care</li><li>Otomatik Temizleme Kondenseri</li><li>Çift Taraflı Kapak</li><li>10 Yıl Motor Garantisi</li></ul><p><br>&nbsp;</p>','1d38faae51abb459db0edeef036fd9b0.jpeg',19,'True'),(49,'LG','LG GN H702HQHU A++ 546 Lt 78 Cm Beyaz Buzdolabı','LG GN H702HQHU A++ 546 Lt 78 Cm Beyaz Buzdolabı',NULL,NULL,NULL,4,NULL,444444,NULL,'<h2>LG GN H702HQHU A++ 546 Lt 78 Cm Beyaz Buzdolabı</h2><p><strong>LG BUZDOLAPLARI</strong><br><br>LG Buzdolaplarının özelliklerini keşfedin.<br><br><strong>LG Linear</strong><br><br>Her Yerde Eşit Soğutma<br><br><strong>Nature Fresh</strong><br><br>“Gıdalarımızı nasıl daha uzun süre saklayabilir ve daha taze tutabiliriz?”<br>\"Çözüm, hassas sıcaklık kontrolü.\"</p>','5784c24ccc521bbc38a09195d46e5e68.jpeg',20,'True'),(50,'Samsung','Samsung RT62K7040WW A+ 620 Lt No-Frost Beyaz Buzdolabı','Samsung RT62K7040WW A+ 620 Lt No-Frost Beyaz Buzdolabı',NULL,NULL,NULL,7,NULL,2410,NULL,'<h2>Samsung RT62K7040WW A+ 620 Lt No-Frost Beyaz Buzdolabı</h2><p><strong>Buzdolabının her yerinde nem dolu tazelik</strong><br>Yalnızca Twin Cooling Plus™ geleneksel bir TMF\'de 30% olan nemliliği 70% oranıyla sağlayarak buzdolabındaki yiyeceklerin tazeliğini korumak adına elverişli bir ortam yaratır. Böylece içindeki malzemeleri kurumadan, daha uzun süre taze tutar.<br><br><strong>Lezzetli, kokusuz donmuş yiyecekler</strong><br>Twin Cooling Plus™ sistemi gıdaların kokularının buzdolabından dondurucu bölmesine yayılmasını önlemesi için bölmeleri ayrı ayrı soğutur. Böylece donmuş yiyeceklerin orijinal tadı daha uzun süre korunur.</p>','e1b91528d3d80ab45f58aa5e443235bc.jpeg',20,'True'),(51,'Electrolux','Electrolux EN5284KOW A+ No Frost Buzdolabı Beyaz','Electrolux EN5284KOW A+ No Frost Buzdolabı Beyaz',NULL,3,NULL,5,NULL,21,NULL,'<h2>Electrolux EN5284KOW A+ No Frost Buzdolabı Beyaz</h2><p><strong>LG BUZDOLAPLARI</strong><br><br>LG Buzdolaplarının özelliklerini keşfedin.<br>LG Linear<br><br><strong>Her Yerde Eşit Soğutma</strong><br>lg linear buzdolabı<br>play<br><br>“Gıdalarımızı nasıl daha uzun süre saklayabilir ve daha taze tutabiliriz?”<br>\"Çözüm, hassas sıcaklık kontrolü.\"</p>','2ac553f35f560b37188f5857f32a012e.jpeg',20,'True'),(52,'Samsung','Samsung AR5400 AR12MSFHCWK/SK 12000 BTU A++ Inverter Klima','Samsung AR5400 AR12MSFHCWK/SK 12000 BTU A++ Inverter Klima',NULL,NULL,NULL,7,NULL,250,NULL,'<h2>Samsung AR5400 AR12MSFHCWK/SK 12000 BTU A++ Inverter Klima</h2><p><strong>Akıllı Çalışır. Enerji Tasarrufu Sağlar</strong><br>Enerji tasarruflu Dijital Inverter 8 Kutuplu klima, klimanızı sık sık kapatıp açmanıza gerek kalmadan istenilen ideal sıcaklığı korur.Dolayısıyla daha az enerji tüketir* ve uzun süre istediğiniz sıcaklığın keyfini sürebilirsiniz.<br><br><strong>Hızlı Soğutma</strong><br>Hızlı Soğutma Modu kompresörün 30 dakika* boyunca en yüksek fan hızıyla maksimum seviyede çalışarak klimanızın ortamı çok daha hızlı soğutmasını sağlar. Dijital Inverter 8 Kutup, başlatıldığında maksimum Hz\'e çabucak ulaşmasına yardımcı olur.<br>&nbsp;</p>','312f57b2521c942d2e89bf65cd2a5b4b.jpeg',21,'True'),(53,'Premier','Premier PRV 1745 16\" 3 ü 1 Arada Uzaktan Kumandalı Vantilatör (Kasırga)','Premier PRV 1745 16\" 3 ü 1 Arada Uzaktan Kumandalı Vantilatör (Kasırga)',NULL,NULL,NULL,9,NULL,520,NULL,'<h2>Premier PRV 1745 16\" 3 ü 1 Arada Uzaktan Kumandalı Vantilatör (Kasırga)</h2><p>- 16\" 3 in 1 Fan<br>- 3\'ü bir arada kullanım özelliği<br>- Oval salınım<br>- 3 kademe hız ayarı<br>- 3 çeşit rüzgar: uyku, Normal ve Doğal<br>- 7.5 saat zamanlayıcı<br>- 5’li pervane<br>- Uzaktan kumanda<br>- Yuvarlak taban<br>- 220-240V 50/60HZ<br>- 55W</p>','b66e5151d195d2a3943e5d7714526341.jpeg',21,'True'),(54,'Premier','Premier PAC 260 Hava Soğutmalı Vantilatör (Karayel)','Premier PAC 260 Hava Soğutmalı Vantilatör (Karayel)',NULL,NULL,NULL,8,NULL,53210,NULL,'<h2>Premier PAC 260 Hava Soğutmalı Vantilatör (Karayel)</h2><p>- Dokunmatik kontrollü ve uzaktan kumandalı<br>- 1,2,4,8 saatlik zamanlayıcı<br>- 4 rüzgar hızı: Yüksek, Orta, Düşük, Sessiz<br>- 3 rüzgar modu: Doğal, Normal, Uyku<br>- Devamlı çalışmasında koruma fonksiyonu: 15 saat çalışma sonunda herhangi bir işlem olmadan otomatik kapatma<br>- Kalınlaştırılmış petek filtre sistemi ile daha iyi soğutan hava akımı<br>- Otomatik sola-sağa dönme, yukarı – aşağı manuel ayarlama<br>- Su pompası koruma sistemi<br>- Üstten kolayca su doldurma<br>- Ayrılabilen 20 L su deposu kolayca temizlenebilir ve doldurulabilir<br>- Soğutma gücü 100 W</p>','60293030fbe6293f4f576547192bb3cc.jpeg',21,'True');

#
# Structure for table "setting"
#

DROP TABLE IF EXISTS `setting`;
CREATE TABLE `setting` (
  `id` int(11) NOT NULL AUTO_INCREMENT,
  `title` varchar(100) COLLATE utf8mb4_unicode_ci NOT NULL,
  `description` varchar(255) COLLATE utf8mb4_unicode_ci NOT NULL,
  `keywords` varchar(255) COLLATE utf8mb4_unicode_ci NOT NULL,
  `company` varchar(255) COLLATE utf8mb4_unicode_ci NOT NULL,
  `address` varchar(255) COLLATE utf8mb4_unicode_ci NOT NULL,
  `fax` varchar(255) COLLATE utf8mb4_unicode_ci NOT NULL,
  `phone` varchar(255) COLLATE utf8mb4_unicode_ci NOT NULL,
  `email` varchar(255) COLLATE utf8mb4_unicode_ci NOT NULL,
  `contact` varchar(255) COLLATE utf8mb4_unicode_ci NOT NULL,
  `referances` varchar(255) COLLATE utf8mb4_unicode_ci NOT NULL,
  `status` varchar(255) COLLATE utf8mb4_unicode_ci NOT NULL,
  `smtpserver` varchar(255) COLLATE utf8mb4_unicode_ci NOT NULL,
  `smtpemail` varchar(255) COLLATE utf8mb4_unicode_ci NOT NULL,
  `smptppass` varchar(255) COLLATE utf8mb4_unicode_ci NOT NULL,
  `smtpport` varchar(255) COLLATE utf8mb4_unicode_ci NOT NULL,
  `aboutus` longtext COLLATE utf8mb4_unicode_ci NOT NULL,
  PRIMARY KEY (`id`)
) ENGINE=InnoDB AUTO_INCREMENT=3 DEFAULT CHARSET=utf8mb4 COLLATE=utf8mb4_unicode_ci;

#
# Data for table "setting"
#

INSERT INTO `setting` VALUES (2,'Sedanur Durmuş','sedanur','durmuş','sedanın şirketi','istanbul','555','456987','sedadrms@hotma','<p>45@hotmail.com</p>','<p>seda</p>','ögreci','cvv','hdkcj@hotmail.com','dfsjvk','dkvncö','<p>Türkiye’de teknoloji denildiğinde akla ilk gelen isim olmayı başaran Teknosa, kurulduğu 25 Temmuz 2000 tarihinden itibaren onlarca kategoride sunduğu yüz binlerce ürün ile üstün hizmet anlayışını müşterilerine sağlamaya devam ediyor. Cep telefonundan televizyona, fotoğraf makinesinden kulaklığa, elektronik ev aletlerinden notebook’a birçok ürünü bünyesinde bulunduran Teknosa, üstün hizmet kalitesi ve müşteri memnuniyeti anlayışı ile hareket ederek yıllardır zirvedeki yerini koruyor. Xiaomi, Huawei, Casper, Samsung, Apple, Asus, Lenovo gibi markaları Türkiye’de en güvenli şekilde kullanıcılarına ulaştıran Teknosa, aynı zamanda PS4, iPhone gibi ürünleri de en güncel modelleriyle bünyesinde bulunduruyor. Yüksek performansı, uygun fiyatlara satın alabilmek isteyen kullanıcıların ilk tercihi olan Teknosa, geniş ürün yelpazesiyle kullanıcı memnuniyetini ön planda tutuyor. Paranızın karşılığını fazlasıyla veren fiyat/performans ürünleri arayışında doğru adresiniz Teknosa. En yeni teknolojileri en ulaşılabilir fiyatlarla müşterilerine sunan Teknosa akıllı telefon pazarında kendine sağlam bir yer edinmiş olsa da Teknosa’nın ürün yelpazesi yalnızca bu ürünler ile sınırlı değil. Bir ev için gerekli olabilecek her türlü elektronik cihazı üreten Rowenta, Philips, Arzum gibi markaları Teknosa’da bulmak mümkün. Bu markaların tasarladığı klima, tablet, elektrikli ısıtıcı gibi ürünler de Teknosa’nın yüz binlerce ürününden yalnızca birkaçı. En güncel Teknosa telefon fiyatlarını, klima fiyatlarını, tablet fiyatlarını ve çok daha fazlasını Teknosa.com üzerinden kolayca takip edebilir, ilgilendiğiniz ürünlerin teknik özelliklerini ürün sayfasından inceleyebilir ve ürünleri kolayca birbirleriyle karşılaştırabilirsiniz. Teknoloji severlere keyifli bir alışveriş deneyimi yaşatmak isteyen Teknosa, indirim ve kampanyaları ile kullanıcılarını memnun ediyor. Teknosa, yılbaşı, sevgililer günü, anneler günü ve babalar günü gibi özel gün ve dönemlerde birbirinden avantajlı kampanyalarla kullanıcılarının karşısına çıkıyor. Siz de en iyi fiyatları yakalamak için kampanya dönemlerini ve Teknosa’ya özel Turuncu İndirimi takip edebilirsiniz. Küçük ev aletlerinden kişisel bakım ürünlerine, beyaz eşyadan akıllı telefonlara kadar binlerce ürüne avantajlı fiyatlar ve uygun ödeme koşulları ile sahip olabilirsiniz. Dünyaca ünlü markalar ve daha birçoğu Teknosa kalitesi ve güvencesi ile sizlerle buluşuyor. Teknosa.com üzerinden zengin ürün çeşitleri arasında arzu ettiğiniz modellerin teknik özelliklerini ürün sayfalarından inceleyebilir, ürünleri daha önce satın almış kişiler tarafından yazılan yorumları okuyabilir ve satın alma işleminizden önce daha geniş bir bakış açısına sahip olabilirsiniz. Siz de tüm elektronik ihtiyaçlarınıza yaratıcı çözümler sağlayan Teknosa ile cazip kampanyaları ve taksit fırsatlarını kaçırmayın. Kurumsal Investor Relations İnsan Kaynakları İletişim Gizlilik Sözleşmesi Yatırımcı İlişkileri Kurumsal Satış Mağazalarımız Bilgi Toplumu Hizmetleri Kişisel Verilerin Korunması Kategoriler Akıllı Telefon LED TV Notebook Oyun Konsolu Gaming Notebook Elektrikli Ev Aletleri Buzdolabı Tablet PC Çamaşır Makinesi Veri Depolama Ev Sinema Sistemi Fotoğraf Makinesi Özel Sayfalar İklimsa Anneler Günü Babalar Günü Monster Notebook Oyun Bilgisayar ve Aksesuarları Teknosacell iPhone Preo Xiaomi Cep Telefonları Samsung Cep Telefonları Huawei Cep Telefonları Akıllı Saatler Kulaklık PlayStation 4 Tansiyon Aleti ve Ateş Ölçer Dr. Teknolog Teknik Servis Hizmet Paketi Bizi Takip Edin Facebook Twitter Linkedin Youtube Instagram Google Plus</p>');

#
# Structure for table "shopcart"
#

DROP TABLE IF EXISTS `shopcart`;
CREATE TABLE `shopcart` (
  `id` int(11) NOT NULL AUTO_INCREMENT,
  `userid` int(11) DEFAULT NULL,
  `productid` int(11) DEFAULT NULL,
  `quantity` int(11) DEFAULT NULL,
  PRIMARY KEY (`id`)
) ENGINE=InnoDB AUTO_INCREMENT=40 DEFAULT CHARSET=utf8mb4 COLLATE=utf8mb4_unicode_ci;

#
# Data for table "shopcart"
#

INSERT INTO `shopcart` VALUES (28,18,17,2),(29,18,18,5);

#
# Structure for table "user"
#

DROP TABLE IF EXISTS `user`;
CREATE TABLE `user` (
  `id` int(11) NOT NULL AUTO_INCREMENT,
  `name` varchar(40) COLLATE utf8mb4_unicode_ci DEFAULT NULL,
  `email` varchar(180) COLLATE utf8mb4_unicode_ci NOT NULL,
  `password` varchar(150) COLLATE utf8mb4_unicode_ci DEFAULT NULL,
  `status` varchar(15) COLLATE utf8mb4_unicode_ci DEFAULT NULL,
  `roles` varchar(255) COLLATE utf8mb4_unicode_ci NOT NULL,
  `address` varchar(255) COLLATE utf8mb4_unicode_ci DEFAULT NULL,
  `phone` varchar(255) COLLATE utf8mb4_unicode_ci DEFAULT NULL,
  `city` varchar(255) COLLATE utf8mb4_unicode_ci DEFAULT NULL,
  PRIMARY KEY (`id`),
  UNIQUE KEY `UNIQ_8D93D649E7927C74` (`email`)
) ENGINE=InnoDB AUTO_INCREMENT=19 DEFAULT CHARSET=utf8mb4 COLLATE=utf8mb4_unicode_ci;

#
# Data for table "user"
#

INSERT INTO `user` VALUES (5,'sedanur','seda.drms@gmail.com','$2y$12$jqrNWPYaWKm7fWn4GIGwMuWtLpoW58UxvyxADH8lN8u8xfBZXCyy2','True','ROLE_ADMIN',NULL,NULL,NULL),(17,'merve','merve@ds','$2y$10$52uaIFSWTlPuCkwP0m1DvuDp5bLcfA4FypcVmwvy771UFDGQQfda2','True','ROLE_USER','sdd ','0256 ','Bingöl');
